{
  "count": 348,
  "mean": 33.861781609195404,
  "variance": 156.4326249867882,
  "std": 12.50730286619734,
  "min": 0.0,
  "max": 41.99
}